fecha,solar_gwh,radiacion_MJm2,temp_media_Madrid
2023-01-01,34.900980000000004,7.52,8.5
2023-01-02,31.904640999999998,5.49,9.0
2023-01-03,53.978712,8.85,7.0
2023-01-04,58.475944000000005,9.35,5.0
2023-01-05,58.507717,9.35,4.7
2023-01-06,55.255744,9.59,3.6
2023-01-07,36.334185,2.1,5.2
2023-01-08,17.71934,3.31,11.1
2023-01-09,50.037428,9.36,10.2
2023-01-10,46.165713000000004,9.52,5.7
2023-01-11,37.348620000000004,3.42,6.9
2023-01-12,60.812197,9.61,4.5
2023-01-13,55.502482,7.28,5.0
2023-01-14,57.887595000000005,7.28,3.9
2023-01-15,42.371338,6.01,6.1
2023-01-16,31.092675,2.63,6.1
2023-01-17,38.229235,9.14,8.1
2023-01-18,57.178057,8.34,3.5
2023-01-19,61.198975,6.81,3.8
2023-01-20,54.329800000000006,8.84,9.2
2023-01-21,60.462839,10.45,6.3
2023-01-22,75.093175,11.36,2.5
2023-01-23,73.90710899999999,10.76,2.0
2023-01-24,62.312258,6.38,1.7
2023-01-25,74.257352,11.45,2.3
2023-01-26,54.301118,8.38,4.2
2023-01-27,76.915025,10.29,2.9
2023-01-28,83.000747,10.49,3.7
2023-01-29,80.29891099999999,10.85,1.6
2023-01-30,81.0115,12.2,1.2
2023-01-31,84.252618,12.29,1.8
2023-02-01,83.470396,12.34,4.3
2023-02-02,88.22085899999999,12.5,4.9
2023-02-03,91.813096,12.91,5.5
2023-02-04,94.02219199999999,13.12,5.8
2023-02-05,89.212321,13.23,7.3
2023-02-06,78.893789,13.25,5.3
2023-02-07,43.380924,10.48,4.1
2023-02-08,42.001997,8.27,5.5
2023-02-09,72.656159,7.6,5.6
2023-02-10,75.62931900000001,12.35,4.5
2023-02-11,75.766571,13.44,3.9
2023-02-12,69.880526,11.36,4.8
2023-02-13,80.68455499999999,12.88,5.2
2023-02-14,60.394536,7.28,6.3
2023-02-15,72.813925,12.34,7.6
2023-02-16,89.06495,14.74,7.3
2023-02-17,76.247709,15.15,7.5
2023-02-18,67.013798,10.03,8.4
2023-02-19,67.500722,14.18,11.4
2023-02-20,64.955811,12.89,12.3
2023-02-21,70.398833,12.91,11.1
2023-02-22,81.250349,14.14,10.4
2023-02-23,70.34684299999999,10.06,7.3
2023-02-24,92.750865,16.51,4.1
2023-02-25,70.149236,14.59,3.4
2023-02-26,79.032227,13.96,4.1
2023-02-27,99.782378,13.25,2.3
2023-02-28,106.203436,16.96,1.9
2023-03-01,105.58877000000001,13.3,1.5
2023-03-02,108.539064,17.51,3.2
2023-03-03,112.907262,17.63,4.5
2023-03-04,107.191423,17.77,5.8
2023-03-05,50.301985,6.15,5.0
2023-03-06,52.263697,8.23,8.1
2023-03-07,70.488209,13.38,10.6
2023-03-08,59.823242,10.29,12.6
2023-03-09,54.664218999999996,14.3,13.5
2023-03-10,95.583341,16.83,12.6
2023-03-11,78.65135099999999,16.61,14.1
2023-03-12,108.339152,18.21,15.3
2023-03-13,95.352766,18.42,14.3
2023-03-14,114.42153,18.41,11.8
2023-03-15,125.645264,19.36,12.0
2023-03-16,111.272672,18.17,14.6
2023-03-17,86.629561,15.78,13.8
2023-03-18,82.645155,13.5,11.1
2023-03-19,115.786084,20.29,12.0
2023-03-20,124.933687,20.32,12.5
2023-03-21,123.489235,20.09,13.8
2023-03-22,122.555363,20.33,14.4
2023-03-23,115.083285,20.11,15.2
2023-03-24,89.051439,16.05,13.8
2023-03-25,113.08790499999999,19.07,14.1
2023-03-26,98.29102499999999,21.64,15.0
2023-03-27,126.462811,22.27,13.0
2023-03-28,133.04201999999998,22.03,14.4
2023-03-29,118.05073,22.1,16.7
2023-03-30,107.28714,21.38,17.4
2023-03-31,89.833543,16.2,15.4
2023-04-01,96.938423,15.37,14.4
2023-04-02,113.23226,23.44,11.6
2023-04-03,130.350967,23.36,11.7
2023-04-04,118.111565,24.53,13.6
2023-04-05,141.076522,24.85,13.1
2023-04-06,135.18556,24.28,15.1
2023-04-07,129.93902,24.46,15.8
2023-04-08,134.929779,24.4,17.7
2023-04-09,119.561875,23.91,18.8
2023-04-10,116.509293,23.79,20.1
2023-04-11,140.711407,24.47,18.9
2023-04-12,106.47429,18.31,16.1
2023-04-13,123.851033,24.81,12.0
2023-04-14,112.917619,17.31,14.5
2023-04-15,125.14544599999999,22.83,16.3
2023-04-16,121.853954,25.56,16.8
2023-04-17,145.666839,25.98,17.0
2023-04-18,145.591716,26.15,15.7
2023-04-19,138.56007300000002,25.09,16.8
2023-04-20,140.923671,25.82,19.4
2023-04-21,116.910431,23.28,19.2
2023-04-22,110.077073,21.93,16.1
2023-04-23,118.994238,25.67,16.1
2023-04-24,147.967606,25.17,18.4
2023-04-25,146.948346,24.17,20.9
2023-04-26,148.074802,26.7,21.5
2023-04-27,128.183607,25.44,22.9
2023-04-28,112.77492,23.92,24.1
2023-04-29,105.451632,17.18,22.2
2023-04-30,111.613425,22.02,19.5
2023-05-01,129.63737600000002,26.86,19.3
2023-05-02,136.501239,25.44,20.9
2023-05-03,127.623998,23.81,22.4
2023-05-04,143.33996599999998,25.65,20.5
2023-05-05,157.760006,27.47,19.6
2023-05-06,144.655894,27.69,20.1
2023-05-07,143.46531299999998,26.1,21.1
2023-05-08,143.196687,25.1,21.9
2023-05-09,140.986462,25.14,22.9
2023-05-10,156.62640900000002,26.79,19.1
2023-05-11,148.777612,27.38,16.6
2023-05-12,138.53265299999998,25.06,14.2
2023-05-13,140.525782,25.35,14.3
2023-05-14,124.118155,24.16,15.4
2023-05-15,146.735506,21.32,15.5
2023-05-16,152.838417,28.35,15.9
2023-05-17,124.151033,27.36,15.9
2023-05-18,128.522481,28.84,15.5
2023-05-19,129.794256,26.7,15.2
2023-05-20,111.85234799999999,24.4,15.0
2023-05-21,102.632832,22.41,16.1
2023-05-22,78.657819,20.39,17.8
2023-05-23,78.847321,22.63,16.8
2023-05-24,114.070837,22.67,17.2
2023-05-25,124.573781,20.83,17.3
2023-05-26,95.609615,11.19,15.8
2023-05-27,75.313434,16.2,15.9
2023-05-28,87.088786,19.54,16.0
2023-05-29,107.16374499999999,21.87,16.4
2023-05-30,108.055521,20.38,16.2
2023-05-31,131.140383,25.38,17.3
2023-06-01,100.573483,24.55,17.2
2023-06-02,105.676236,19.52,16.2
2023-06-03,121.219473,26.65,17.8
2023-06-04,117.54271899999999,25.43,18.6
2023-06-05,128.232241,24.46,19.2
2023-06-06,139.40758499999998,27.93,20.7
2023-06-07,61.43992,5.58,18.6
2023-06-08,67.95439599999999,12.38,18.0
2023-06-09,121.626418,24.22,18.7
2023-06-10,136.04474199999999,24.32,20.2
2023-06-11,131.802877,26.35,21.3
2023-06-12,126.30516499999999,24.01,20.1
2023-06-13,126.473715,24.99,19.3
2023-06-14,144.74266,21.72,20.8
2023-06-15,154.232989,27.32,23.8
2023-06-16,153.05781299999998,29.22,25.9
2023-06-17,142.639965,24.71,27.3
2023-06-18,114.33434799999999,23.43,23.2
2023-06-19,119.748561,24.08,23.9
2023-06-20,121.986084,25.15,23.5
2023-06-21,102.249846,20.97,22.2
2023-06-22,156.38394200000002,25.82,21.8
2023-06-23,150.875691,29.3,25.4
2023-06-24,151.25881700000002,29.7,27.3
2023-06-25,138.19048999999998,28.38,30.1
2023-06-26,149.97861300000002,28.91,30.4
2023-06-27,139.427445,28.18,29.5
2023-06-28,140.595013,27.51,29.1
2023-06-29,147.61616800000002,28.18,28.4
2023-06-30,156.888111,29.81,23.2
2023-07-01,148.157439,29.28,25.1
2023-07-02,137.27107800000002,27.05,27.2
2023-07-03,143.521457,27.21,28.4
2023-07-04,152.017548,29.28,28.1
2023-07-05,132.45506400000002,25.99,26.7
2023-07-06,134.083743,29.09,27.5
2023-07-07,145.42754300000001,26.99,26.7
2023-07-08,149.69350899999998,29.95,26.8
2023-07-09,144.640856,28.71,27.1
2023-07-10,142.339788,29.51,30.0
2023-07-11,149.45222700000002,29.89,31.3
2023-07-12,144.314896,22.0,27.8
2023-07-13,156.850285,29.08,28.1
2023-07-14,161.032663,29.53,29.3
2023-07-15,147.297237,29.35,26.8
2023-07-16,146.587797,29.65,26.4
2023-07-17,137.70765,28.34,29.5
2023-07-18,134.04256,28.9,32.4
2023-07-19,143.32197399999998,28.88,32.2
2023-07-20,148.526428,29.69,29.5
2023-07-21,148.25765900000002,25.59,26.6
2023-07-22,146.953543,25.0,26.0
2023-07-23,139.258908,29.25,28.0
2023-07-24,148.46702,28.39,26.9
2023-07-25,159.29395499999998,28.88,24.8
2023-07-26,149.498391,28.83,25.7
2023-07-27,143.095859,28.47,27.5
2023-07-28,160.16530300000002,28.4,27.3
2023-07-29,156.450488,28.22,28.2
2023-07-30,148.991623,27.91,29.5
2023-07-31,159.67353,27.98,30.1
2023-08-01,161.02023499999999,28.07,29.5
2023-08-02,162.95084400000002,27.75,29.1
2023-08-03,156.000826,27.69,26.7
2023-08-04,153.38004899999999,28.04,22.2
2023-08-05,141.676491,27.62,24.3
2023-08-06,133.46488699999998,27.3,27.8
2023-08-07,152.188963,27.28,27.5
2023-08-08,141.484619,26.2,30.2
2023-08-09,121.659163,25.03,32.1
2023-08-10,151.017062,27.32,31.7
2023-08-11,158.441438,26.82,30.4
2023-08-12,155.381929,26.19,30.7
2023-08-13,147.247022,25.95,30.3
2023-08-14,154.753465,26.37,28.7
2023-08-15,143.91137400000002,25.87,28.2
2023-08-16,149.06049,26.13,28.4
2023-08-17,155.748671,25.79,28.2
2023-08-18,140.36582,24.25,27.8
2023-08-19,151.64367800000002,24.88,28.4
2023-08-20,148.95457199999998,25.17,30.2
2023-08-21,148.495258,24.04,32.0
2023-08-22,146.878343,24.79,32.5
2023-08-23,145.222238,24.8,32.0
2023-08-24,146.33695,24.79,31.5
2023-08-25,134.191774,24.24,31.2
2023-08-26,88.215503,16.39,27.9
2023-08-27,111.65479300000001,20.48,21.0
2023-08-28,139.914963,23.94,20.8
2023-08-29,136.52685200000002,20.78,22.0
2023-08-30,137.60993100000002,21.15,22.3
2023-08-31,143.524459,23.74,23.9
2023-09-01,133.340688,21.2,25.3
2023-09-02,70.876685,14.68,19.6
2023-09-03,40.358722,4.28,18.1
2023-09-04,106.43474099999999,14.03,19.6
2023-09-05,122.15451700000001,21.2,20.5
2023-09-06,124.179193,20.48,21.6
2023-09-07,108.165054,19.0,22.8
2023-09-08,126.888891,20.47,22.6
2023-09-09,109.909477,17.59,21.7
2023-09-10,121.966803,19.68,21.0
2023-09-11,118.27206299999999,19.4,19.9
2023-09-12,118.248223,19.15,19.6
2023-09-13,127.10972,20.82,20.5
2023-09-14,112.570447,19.49,20.5
2023-09-15,84.031821,15.53,19.9
2023-09-16,73.638225,14.54,18.5
2023-09-17,82.57217999999999,9.59,17.4
2023-09-18,97.081351,13.26,16.5
2023-09-19,115.166712,18.77,17.0
2023-09-20,137.025126,20.1,17.6
2023-09-21,79.38922,7.55,15.9
2023-09-22,133.087412,19.85,15.5
2023-09-23,131.675994,20.02,15.1
2023-09-24,124.735159,20.02,17.1
2023-09-25,133.755812,19.77,19.1
2023-09-26,127.372247,19.12,20.0
2023-09-27,124.57098699999999,18.43,20.1
2023-09-28,130.580413,18.8,20.9
2023-09-29,128.59242,18.76,22.2
2023-09-30,126.57349,18.43,22.1
2023-10-01,130.337405,18.57,22.5
2023-10-02,126.364175,18.3,21.6
2023-10-03,120.55475100000001,17.48,21.5
2023-10-04,121.44187600000001,17.51,21.3
2023-10-05,121.27215,17.57,22.2
2023-10-06,120.494157,17.55,21.9
2023-10-07,118.131295,17.4,21.3
2023-10-08,121.134101,17.13,21.2
2023-10-09,114.82683999999999,16.82,20.9
2023-10-10,118.646562,16.88,19.5
2023-10-11,123.206228,16.68,18.9
2023-10-12,120.183546,16.31,19.4
2023-10-13,88.59997100000001,12.62,19.3
2023-10-14,71.226195,12.14,17.7
2023-10-15,78.15664,11.46,16.8
2023-10-16,62.746612999999996,9.46,17.3
2023-10-17,65.655234,11.49,19.0
2023-10-18,70.18164999999999,11.83,17.5
2023-10-19,23.919189,2.39,15.3
2023-10-20,71.228537,11.44,12.7
2023-10-21,91.405238,11.69,10.9
2023-10-22,37.886305,7.4,11.2
2023-10-23,50.072649,9.88,12.1
2023-10-24,79.061208,7.69,11.2
2023-10-25,56.547273000000004,8.4,14.4
2023-10-26,38.074363,6.31,16.0
2023-10-27,66.84979799999999,9.09,12.4
2023-10-28,69.736295,9.11,13.6
2023-10-29,52.787688,5.49,13.8
2023-10-30,72.480004,10.36,12.2
2023-10-31,40.865449999999996,7.76,9.4
2023-11-01,48.383386,4.45,11.6
2023-11-02,42.727737999999995,5.61,13.1
2023-11-03,54.824498,9.0,9.4
2023-11-04,43.858949,3.82,12.0
2023-11-05,68.372437,9.25,10.4
2023-11-06,86.94451600000001,11.11,8.4
2023-11-07,82.112534,9.41,6.8
2023-11-08,65.404493,7.53,7.9
2023-11-09,69.825977,11.88,11.4
2023-11-10,75.158501,8.25,10.7
2023-11-11,45.89350099999999,6.63,14.1
2023-11-12,61.201309,8.96,14.6
2023-11-13,75.352759,9.49,15.0
2023-11-14,81.78463,7.42,12.3
2023-11-15,73.17944,6.23,11.4
2023-11-16,61.478764000000005,6.08,12.1
2023-11-17,71.926783,7.09,12.0
2023-11-18,84.709143,9.43,11.3
2023-11-19,88.939717,10.65,11.2
2023-11-20,82.808925,10.34,10.4
2023-11-21,73.518511,9.54,9.3
2023-11-22,82.885339,8.83,9.5
2023-11-23,90.857485,10.69,7.7
2023-11-24,93.40894899999999,10.51,6.6
2023-11-25,83.958505,10.27,7.8
2023-11-26,76.90138,9.89,7.3
2023-11-27,57.062213,6.8,7.8
2023-11-28,31.455924,5.3,9.5
2023-11-29,36.910548999999996,5.0,12.5
2023-11-30,26.983506000000002,2.49,13.4
2023-12-01,48.362523,6.63,9.3
2023-12-02,73.69053100000001,8.51,6.4
2023-12-03,67.457812,7.73,4.0
2023-12-04,33.610101,6.92,6.7
2023-12-05,39.698142999999995,6.29,5.8
2023-12-06,41.568416,7.65,5.8
2023-12-07,34.104811999999995,3.19,5.9
2023-12-08,52.551458,7.11,8.8
2023-12-09,43.783608,4.15,8.6
2023-12-10,46.628165,2.66,11.0
2023-12-11,60.403091999999994,4.67,10.4
2023-12-12,48.64994,3.07,9.5
2023-12-13,49.918687,8.02,9.8
2023-12-14,81.614449,6.74,6.4
2023-12-15,83.59017999999999,8.66,8.1
2023-12-16,83.723519,9.25,5.1
2023-12-17,81.154446,9.26,3.8
2023-12-18,81.69621799999999,9.09,3.6
2023-12-19,81.298747,9.21,3.2
2023-12-20,49.356951,7.41,4.7
2023-12-21,79.85296000000001,8.65,5.8
2023-12-22,80.60068700000001,9.02,5.5
2023-12-23,80.116872,9.1,5.0
2023-12-24,80.081311,9.04,4.6
2023-12-25,73.93261,9.13,2.9
2023-12-26,60.4476,7.05,1.6
2023-12-27,62.159298,7.93,3.1
2023-12-28,44.741578999999994,7.07,2.5
2023-12-29,28.26221,3.19,3.4
2023-12-30,71.294074,8.81,4.1
2023-12-31,36.77661,3.87,6.9
2024-01-01,66.642505,7.15,5.0
2024-01-02,49.615015,2.95,5.4
2024-01-03,36.440805,2.19,10.6
2024-01-04,26.019064999999998,2.52,9.4
2024-01-05,61.906689,7.57,6.6
2024-01-06,78.224394,8.45,5.4
2024-01-07,85.346083,9.34,3.7
2024-01-08,65.44428500000001,8.6,2.0
2024-01-09,37.575466,6.99,5.0
2024-01-10,33.361581,3.39,5.1
2024-01-11,63.062097,8.6,4.0
2024-01-12,72.008201,9.87,2.0
2024-01-13,45.413233999999996,4.9,3.8
2024-01-14,45.32826,2.26,6.2
2024-01-15,22.949573,3.23,11.3
2024-01-16,33.658894000000004,4.36,12.9
2024-01-17,45.704877,4.64,11.2
2024-01-18,45.095572,6.92,11.2
2024-01-19,22.096581999999998,2.26,7.3
2024-01-20,73.044439,9.9,5.7
2024-01-21,82.67595,9.79,5.8
2024-01-22,82.179016,7.08,5.2
2024-01-23,89.651771,8.01,6.6
2024-01-24,93.603533,10.61,9.1
2024-01-25,94.04590300000001,11.16,9.4
2024-01-26,89.30219,10.16,10.3
2024-01-27,88.622458,10.1,10.1
2024-01-28,81.219458,11.3,9.1
2024-01-29,60.324973,9.38,9.2
2024-01-30,75.648853,11.62,7.9
2024-01-31,86.247053,8.81,6.4
2024-02-01,106.62925100000001,12.08,9.1
2024-02-02,109.896558,11.94,8.4
2024-02-03,107.806265,12.48,8.0
2024-02-04,109.309632,12.64,8.1
2024-02-05,87.94226300000001,10.43,7.3
2024-02-06,85.230018,9.7,8.6
2024-02-07,63.570449999999994,5.39,7.9
2024-02-08,39.322866000000005,3.92,9.5
2024-02-09,30.622474999999998,3.84,9.7
2024-02-10,78.601989,10.81,7.4
2024-02-11,42.131945,5.5,4.6
2024-02-12,88.152227,10.62,9.4
2024-02-13,80.245157,6.94,11.2
2024-02-14,77.65145299999999,7.98,11.8
2024-02-15,42.450430999999995,5.35,11.3
2024-02-16,92.943439,12.39,11.1
2024-02-17,127.150812,14.9,8.7
2024-02-18,118.455298,13.58,8.6
2024-02-19,125.41352099999999,14.49,10.6
2024-02-20,126.30251200000001,15.75,10.1
2024-02-21,106.50417200000001,10.11,9.3
2024-02-22,72.834058,7.81,10.6
2024-02-23,99.777889,12.47,6.2
2024-02-24,98.482783,14.13,5.9
2024-02-25,52.880292000000004,7.74,9.4
2024-02-26,85.977384,13.78,8.5
2024-02-27,103.146515,13.26,6.3
2024-02-28,127.807743,15.01,6.9
2024-02-29,121.62015,16.02,6.9
2024-03-01,124.521298,14.36,6.8
2024-03-02,58.105816,4.83,6.9
2024-03-03,98.83308500000001,13.89,5.3
2024-03-04,74.989322,9.82,8.1
2024-03-05,144.24552799999998,15.94,7.6
2024-03-06,142.689685,17.46,6.8
2024-03-07,74.729097,9.25,8.0
2024-03-08,84.897533,10.68,6.5
2024-03-09,49.273703000000005,9.5,6.4
2024-03-10,75.044545,12.61,7.6
2024-03-11,122.814141,14.16,8.8
2024-03-12,150.845337,19.18,8.6
2024-03-13,145.412279,18.27,10.1
2024-03-14,119.02162,15.86,11.0
2024-03-15,124.402477,16.42,11.2
2024-03-16,133.819753,12.59,12.2
2024-03-17,127.71181600000001,16.79,14.2
2024-03-18,107.926778,14.08,14.3
2024-03-19,125.95989900000001,19.97,16.0
2024-03-20,107.417466,17.17,15.5
2024-03-21,100.76885300000001,18.45,16.7
2024-03-22,112.72904799999999,19.92,17.8
2024-03-23,88.580827,20.35,17.1
2024-03-24,72.22369,21.12,16.5
2024-03-25,53.620203000000004,9.28,12.9
2024-03-26,96.60265700000001,15.58,7.1
2024-03-27,73.599493,10.02,8.3
2024-03-28,75.38758800000001,12.8,10.8
2024-03-29,72.669077,4.36,8.2
2024-03-30,75.80476700000001,11.02,6.8
2024-03-31,58.703513,11.72,6.9
2024-04-01,113.212722,17.77,7.4
2024-04-02,103.328431,10.21,8.7
2024-04-03,130.477607,17.56,12.1
2024-04-04,136.606992,22.34,12.9
2024-04-05,132.858014,21.95,14.7
2024-04-06,69.591054,16.68,17.2
2024-04-07,90.26385099999999,18.45,16.6
2024-04-08,105.29533500000001,19.22,13.1
2024-04-09,141.700935,24.31,9.8
2024-04-10,139.102361,24.08,11.9
2024-04-11,148.415462,24.01,16.4
2024-04-12,155.81294599999998,24.82,16.6
2024-04-13,134.657093,25.23,18.4
2024-04-14,125.103209,24.8,19.1
2024-04-15,141.563397,23.46,20.5
2024-04-16,149.112573,25.23,18.7
2024-04-17,147.683253,25.68,15.1
2024-04-18,150.97645300000002,26.05,15.0
2024-04-19,159.805872,25.87,14.3
2024-04-20,141.956682,23.82,17.2
2024-04-21,137.776364,26.21,16.5
2024-04-22,145.126631,26.66,12.9
2024-04-23,161.428975,23.9,10.5
2024-04-24,183.243204,26.55,11.8
2024-04-25,143.81650299999998,16.71,13.3
2024-04-26,130.36708199999998,19.22,12.9
2024-04-27,111.883713,21.48,11.4
2024-04-28,137.939332,25.59,10.7
2024-04-29,129.778528,22.42,11.7
2024-04-30,130.65003,22.82,12.3
2024-05-01,112.667626,21.39,10.2
2024-05-02,165.11199100000002,22.07,9.9
2024-05-03,181.671278,25.51,12.0
2024-05-04,162.29662299999998,27.28,15.6
2024-05-05,120.59931900000001,16.09,15.9
2024-05-06,151.451233,23.0,15.5
2024-05-07,182.844542,27.27,15.2
2024-05-08,183.389199,27.82,16.9
2024-05-09,173.63457,25.84,19.2
2024-05-10,175.687436,28.21,21.4
2024-05-11,144.607172,27.59,21.6
2024-05-12,135.235199,25.06,21.3
2024-05-13,162.586851,24.25,20.8
2024-05-14,152.097468,22.14,16.3
2024-05-15,168.536455,23.46,13.9
2024-05-16,155.328995,21.71,13.2
2024-05-17,147.37220499999998,22.51,14.8
2024-05-18,176.736207,25.15,15.5
2024-05-19,141.29284099999998,25.05,15.1
2024-05-20,164.151277,24.48,14.5
2024-05-21,165.23756899999998,20.82,14.6
2024-05-22,181.926872,21.46,15.4
2024-05-23,184.46997,29.82,17.3
2024-05-24,201.28673999999998,29.37,19.5
2024-05-25,183.00053599999998,29.85,21.4
2024-05-26,148.825731,28.49,21.8
2024-05-27,186.053318,29.17,22.8
2024-05-28,185.576366,28.98,23.4
2024-05-29,192.56007300000002,29.11,26.0
2024-05-30,181.03839799999997,27.05,26.3
2024-05-31,161.52178899999998,29.1,22.4
2024-06-01,151.084189,29.81,20.0
2024-06-02,154.540195,30.03,20.2
2024-06-03,179.006359,27.08,21.5
2024-06-04,192.544359,27.33,23.9
2024-06-05,187.767057,28.85,26.4
2024-06-06,166.34166399999998,27.01,27.7
2024-06-07,136.104972,23.56,27.1
2024-06-08,126.23238400000001,11.97,20.4
2024-06-09,115.45399099999999,22.32,19.8
2024-06-10,126.00590700000001,12.03,16.9
2024-06-11,157.393271,29.19,17.7
2024-06-12,155.360856,26.14,17.7
2024-06-13,181.031073,29.96,18.9
2024-06-14,189.116424,30.48,22.1
2024-06-15,159.365351,30.19,22.3
2024-06-16,149.205161,30.3,22.3
2024-06-17,199.976395,30.38,23.6
2024-06-18,145.691212,19.93,21.7
2024-06-19,142.392935,26.54,18.4
2024-06-20,156.25946299999998,22.29,17.2
2024-06-21,203.71402600000002,29.16,20.0
2024-06-22,177.058515,27.05,23.1
2024-06-23,152.116098,22.96,24.0
2024-06-24,193.71686,29.61,25.1
2024-06-25,193.514861,27.25,27.0
2024-06-26,155.911027,21.04,25.3
2024-06-27,146.446531,24.83,26.1
2024-06-28,124.268754,23.44,23.8
2024-06-29,105.721224,15.1,19.7
2024-06-30,155.230905,20.28,20.4
2024-07-01,178.960656,27.05,22.0
2024-07-02,201.34379,29.16,22.5
2024-07-03,206.22941699999998,30.1,25.0
2024-07-04,202.360769,29.8,28.6
2024-07-05,197.83011499999998,28.53,29.5
2024-07-06,151.679634,25.84,27.8
2024-07-07,162.75669399999998,29.84,24.0
2024-07-08,197.90870999999999,29.73,25.7
2024-07-09,198.19898,28.83,26.3
2024-07-10,206.135379,29.16,27.3
2024-07-11,206.358293,29.1,29.0
2024-07-12,212.186465,29.95,27.4
2024-07-13,190.618588,29.3,26.2
2024-07-14,174.513465,29.73,26.5
2024-07-15,186.625652,28.32,25.5
2024-07-16,206.533202,29.98,25.5
2024-07-17,197.799773,28.65,27.2
2024-07-18,154.45558400000002,26.73,29.1
2024-07-19,197.67999700000001,29.23,30.7
2024-07-20,187.88427299999998,28.14,29.4
2024-07-21,177.04881899999998,29.21,26.5
2024-07-22,198.185098,29.6,27.0
2024-07-23,199.344095,28.62,30.2
2024-07-24,198.606011,27.95,32.6
2024-07-25,195.801489,27.99,32.6
2024-07-26,190.828424,26.72,30.8
2024-07-27,189.099234,26.2,31.6
2024-07-28,168.004677,26.92,31.7
2024-07-29,124.691807,19.25,30.1
2024-07-30,172.02423199999998,26.42,31.0
2024-07-31,194.40549900000002,28.11,30.9
2024-08-01,199.24910500000001,28.28,30.1
2024-08-02,190.920762,24.83,29.0
2024-08-03,193.61400899999998,27.52,29.0
2024-08-04,192.284888,26.65,30.6
2024-08-05,192.773616,26.88,31.4
2024-08-06,191.765998,27.26,31.1
2024-08-07,191.647247,27.17,31.0
2024-08-08,192.908392,26.86,30.9
2024-08-09,190.796006,25.68,32.2
2024-08-10,178.461883,26.68,32.0
2024-08-11,167.871261,25.8,31.4
2024-08-12,186.059756,26.07,30.6
2024-08-13,148.35509,18.61,27.0
2024-08-14,166.40474,23.63,25.1
2024-08-15,171.05365700000002,26.48,23.5
2024-08-16,187.199185,26.2,26.2
2024-08-17,184.720068,24.38,28.3
2024-08-18,173.475123,23.95,28.6
2024-08-19,185.105469,25.34,27.4
2024-08-20,176.812781,25.16,29.1
2024-08-21,165.290342,23.44,27.9
2024-08-22,172.765572,21.27,29.3
2024-08-23,173.781189,23.88,29.1
2024-08-24,164.375098,23.98,29.0
2024-08-25,138.045164,24.04,27.2
2024-08-26,167.69177100000002,21.88,27.3
2024-08-27,172.085446,23.99,28.5
2024-08-28,167.96876600000002,22.39,28.8
2024-08-29,132.29432699999998,15.83,24.0
2024-08-30,144.209393,16.59,22.4
2024-08-31,127.947474,15.0,22.1
2024-09-01,149.532444,21.28,23.4
2024-09-02,157.42101,22.54,24.4
2024-09-03,153.99230300000002,21.73,23.7
2024-09-04,156.448096,19.53,21.3
2024-09-05,155.501653,19.01,20.1
2024-09-06,175.331401,21.42,20.4
2024-09-07,150.231556,22.5,19.3
2024-09-08,152.576334,22.06,21.3
2024-09-09,180.718754,22.49,21.4
2024-09-10,172.45452799999998,22.22,22.9
2024-09-11,162.90649299999998,21.64,22.8
2024-09-12,152.844649,19.97,22.7
2024-09-13,152.15212899999997,22.09,18.2
2024-09-14,154.599572,21.54,18.4
2024-09-15,137.847116,21.64,22.1
2024-09-16,159.796042,21.81,21.9
2024-09-17,144.442725,21.28,20.6
2024-09-18,131.600598,18.25,20.6
2024-09-19,96.407966,13.99,18.4
2024-09-20,103.62079399999999,13.04,17.8
2024-09-21,98.540958,13.88,18.4
2024-09-22,123.555532,17.14,18.5
2024-09-23,143.874766,18.45,18.2
2024-09-24,94.162193,13.26,16.6
2024-09-25,86.295915,7.67,17.8
2024-09-26,100.411951,12.46,19.2
2024-09-27,131.818742,18.17,16.6
2024-09-28,139.593079,19.42,14.4
2024-09-29,129.608649,18.63,16.2
2024-09-30,157.88457300000002,18.56,19.5
2024-10-01,136.439712,14.72,20.4
2024-10-02,95.716,12.65,21.1
2024-10-03,130.731828,17.42,19.7
2024-10-04,138.78863,14.41,18.1
2024-10-05,119.06204799999999,15.43,19.1
2024-10-06,95.138176,13.13,20.3
2024-10-07,61.660256000000004,7.15,17.5
2024-10-08,85.576916,9.77,14.9
2024-10-09,65.43266799999999,4.13,16.4
2024-10-10,122.76227499999999,15.39,14.5
2024-10-11,80.361155,11.61,13.2
2024-10-12,43.889038,6.42,16.3
2024-10-13,88.442224,11.04,16.3
2024-10-14,67.501079,7.69,17.1
2024-10-15,52.094204,8.68,16.8
2024-10-16,85.163545,10.97,17.3
2024-10-17,92.64357700000001,10.04,13.4
2024-10-18,107.693656,15.15,12.2
2024-10-19,97.70414,11.76,15.3
2024-10-20,103.222272,9.81,14.8
2024-10-21,129.53968799999998,14.29,15.2
2024-10-22,112.17017799999999,12.64,16.0
2024-10-23,115.18555400000001,11.32,15.3
2024-10-24,108.440009,8.19,15.4
2024-10-25,69.66791599999999,6.98,14.3
2024-10-26,74.080699,10.51,9.2
2024-10-27,76.300989,10.83,8.5
2024-10-28,96.10073299999999,12.04,12.7
2024-10-29,34.795676,5.44,14.3
2024-10-30,58.21617,12.1,14.5
2024-10-31,56.144009,10.72,14.3
2024-11-01,76.258206,9.33,14.4
2024-11-02,99.650826,9.58,13.3
2024-11-03,95.32931500000001,8.76,13.1
2024-11-04,83.857962,7.89,13.1
2024-11-05,92.26533599999999,8.32,13.4
2024-11-06,110.960499,12.0,13.7
2024-11-07,101.90366800000001,10.97,12.7
2024-11-08,52.745731,6.47,11.7
2024-11-09,80.468325,8.0,11.7
2024-11-10,99.799671,7.91,11.4
2024-11-11,101.895087,10.33,12.0
2024-11-12,95.810257,9.7,9.3
2024-11-13,41.52196300000001,4.2,6.4
2024-11-14,42.826743,8.1,11.3
2024-11-15,64.81374,6.72,12.7
2024-11-16,68.964955,8.61,11.2
2024-11-17,69.170248,10.41,11.2
2024-11-18,91.486012,10.36,12.3
2024-11-19,76.947102,8.52,11.0
2024-11-20,86.327885,9.97,11.6
2024-11-21,44.309895,8.34,10.1
2024-11-22,60.502094,8.44,11.4
2024-11-23,81.593619,5.35,10.7
2024-11-24,53.6684,8.28,11.5
2024-11-25,56.61894,3.74,14.1
2024-11-26,65.749432,6.78,7.5
2024-11-27,94.448549,9.85,7.0
2024-11-28,89.273273,9.9,7.0
2024-11-29,71.18300199999999,8.06,8.4
2024-11-30,82.509497,9.29,9.6
2024-12-01,52.128663,6.73,9.1
2024-12-02,58.667413,7.05,10.6
2024-12-03,62.543707999999995,8.25,9.7
2024-12-04,79.196451,8.74,10.7
2024-12-05,87.028701,8.78,8.5
2024-12-06,80.900057,8.8,9.4
2024-12-07,73.591454,6.78,9.8
2024-12-08,82.238025,6.0,6.9
2024-12-09,90.45674000000001,7.47,5.1
2024-12-10,93.67630199999999,6.83,4.7
2024-12-11,64.207244,4.2,5.4
2024-12-12,55.983633999999995,7.65,4.7
2024-12-13,72.330974,4.45,4.9
2024-12-14,79.75032300000001,7.52,3.6
2024-12-15,86.144068,8.98,3.2
2024-12-16,96.85674499999999,9.18,3.8
2024-12-17,75.264458,8.6,3.2
2024-12-18,71.188565,8.24,5.0
2024-12-19,48.863671000000004,5.62,9.2
2024-12-20,89.919883,9.04,5.5
2024-12-21,97.319705,8.97,3.6
2024-12-22,98.992289,8.92,4.4
2024-12-23,93.304079,7.87,6.8
2024-12-24,95.81408400000001,8.69,7.0
2024-12-25,97.693267,8.9,9.0
2024-12-26,83.739592,8.91,7.1
2024-12-27,86.501394,8.61,5.9
2024-12-28,88.21073799999999,8.58,4.4
2024-12-29,85.835792,9.16,4.0
2024-12-30,87.25082499999999,9.15,3.3
2024-12-31,78.08947900000001,9.12,3.1
2025-01-01,78.61962600000001,6.72,2.8
2025-01-02,92.66007499999999,6.74,2.9
2025-01-03,75.31558500000001,5.11,3.5
2025-01-04,70.08885799999999,2.75,4.1
2025-01-05,40.197193,2.6,7.3
2025-01-06,59.142055,6.52,8.9
2025-01-07,75.20043799999999,6.7,5.5
2025-01-08,58.883430999999995,5.67,8.7
2025-01-09,73.54755100000001,5.27,10.2
2025-01-10,61.666521,5.02,9.1
2025-01-11,58.963645,6.49,12.1
2025-01-12,89.43150800000001,10.01,8.8
2025-01-13,111.95327800000001,10.74,4.3
2025-01-14,114.804471,10.65,2.7
2025-01-15,115.461433,10.76,1.2
2025-01-16,105.059152,10.27,3.9
2025-01-17,102.399553,9.29,5.1
2025-01-18,116.687228,10.67,3.4
2025-01-19,98.919913,10.54,2.1
2025-01-20,28.554573,3.01,5.0
2025-01-21,34.124563,2.22,8.0
2025-01-22,47.494936,4.69,10.0
2025-01-23,71.692829,6.69,10.7
2025-01-24,65.254411,5.78,10.5
2025-01-25,49.974668,3.72,9.6
2025-01-26,43.835859,3.29,8.3
2025-01-27,49.203894999999996,7.5,12.1
2025-01-28,75.32543799999999,10.23,7.1
2025-01-29,35.765294999999995,1.83,5.9
2025-01-30,92.78200199999999,10.66,6.4
2025-01-31,123.50047599999999,12.39,4.3
2025-02-01,114.07313,11.57,4.8
2025-02-02,83.400291,8.77,4.9
2025-02-03,107.50250199999999,12.6,6.0
2025-02-04,128.80487399999998,12.79,5.6
2025-02-05,138.313839,13.28,5.8
2025-02-06,141.03321599999998,13.39,5.3
2025-02-07,86.44055800000001,6.17,4.3
2025-02-08,121.395053,12.67,6.8
2025-02-09,120.242721,11.79,6.6
2025-02-10,92.076458,10.78,8.7
2025-02-11,90.97107700000001,11.23,9.2
2025-02-12,103.786773,12.22,9.6
2025-02-13,135.617846,12.65,8.2
2025-02-14,140.61487400000001,13.83,9.0
2025-02-15,111.73965700000001,10.93,8.9
2025-02-16,130.032943,13.66,10.1
2025-02-17,121.866726,12.37,9.1
2025-02-18,88.613667,11.72,10.1
2025-02-19,113.71246099999999,13.0,11.3
2025-02-20,137.755664,12.87,10.3
2025-02-21,79.562765,9.42,11.0
2025-02-22,103.296415,12.89,9.6
2025-02-23,145.222938,16.06,8.3
2025-02-24,125.244018,12.57,9.0
2025-02-25,84.83444100000001,9.75,10.2
2025-02-26,153.756429,16.66,7.0
2025-02-27,114.94997500000001,11.64,7.6
2025-02-28,90.48689999999999,14.05,9.4
2025-03-01,63.946356,5.26,7.5
2025-03-02,42.935572,2.56,3.1
2025-03-03,60.300734,6.31,7.0
2025-03-04,85.845691,9.19,9.5
2025-03-05,62.105939,10.33,9.8
2025-03-06,85.159758,6.44,10.2
2025-03-07,65.024777,7.49,9.8
2025-03-08,56.004947,3.39,8.9
2025-03-09,99.83134600000001,8.55,6.0
2025-03-10,92.459655,9.31,7.1
2025-03-11,100.778132,8.27,8.4
2025-03-12,96.36389100000001,14.96,8.5
2025-03-13,68.616162,7.45,7.6
2025-03-14,110.12448699999999,14.08,6.4
2025-03-15,134.91804199999999,14.05,4.9
2025-03-16,110.196169,10.54,5.2
2025-03-17,77.820973,4.93,5.7
2025-03-18,80.771678,4.65,8.4
2025-03-19,115.12548699999999,14.49,11.0
2025-03-20,87.208448,8.23,11.6
2025-03-21,85.54285300000001,8.09,9.6
2025-03-22,92.622991,7.6,7.0
2025-03-23,109.938941,15.88,6.8
2025-03-24,142.483835,14.86,7.5
2025-03-25,141.089287,17.26,9.3
2025-03-26,138.336299,16.29,9.4
2025-03-27,139.15298199999998,20.77,9.0
2025-03-28,142.366346,22.0,10.5
2025-03-29,137.23510000000002,22.44,10.6
2025-03-30,126.506052,23.23,10.0
2025-03-31,155.117951,23.22,13.3
2025-04-01,143.138521,21.02,13.8
2025-04-02,108.960881,17.83,13.4
2025-04-03,81.97793399999999,4.28,10.0
2025-04-04,106.20123699999999,14.45,11.6
2025-04-05,129.63162300000002,16.47,11.4
2025-04-06,122.03953999999999,20.09,12.8
2025-04-07,181.30107999999998,23.55,13.8
2025-04-08,163.108845,24.07,15.6
2025-04-09,156.660793,23.93,15.6
2025-04-10,141.382894,21.87,15.3
2025-04-11,97.648113,11.07,12.9
2025-04-12,91.209139,13.46,13.1
2025-04-13,126.984649,15.15,13.2
2025-04-14,113.513735,20.9,12.1
2025-04-15,140.880298,18.41,8.6
2025-04-16,151.828988,14.99,7.5
2025-04-17,156.715372,24.48,11.3
2025-04-18,117.32259699999999,19.14,12.6
2025-04-19,115.151294,22.47,10.0
2025-04-20,120.653523,17.9,9.8
2025-04-21,176.66469,21.6,12.3
2025-04-22,166.79981700000002,19.77,13.3
2025-04-23,208.300915,26.0,13.8
2025-04-24,201.480707,26.47,16.8
2025-04-25,190.688693,25.04,17.9
2025-04-26,164.50664,22.31,16.8
2025-04-27,134.92314100000002,25.37,14.7
2025-04-28,73.62929700000001,27.12,15.8
2025-04-29,92.745243,25.57,16.1
2025-04-30,106.669814,15.86,15.3
2025-05-01,119.509345,18.22,15.6
2025-05-02,102.145329,17.48,15.0
2025-05-03,136.810164,21.0,14.3
2025-05-04,115.559518,21.06,13.0
2025-05-05,122.67572,18.92,12.6
2025-05-06,136.249133,20.66,11.8
2025-05-07,169.002507,23.89,12.6
2025-05-08,131.849324,14.56,12.8
2025-05-09,149.997715,22.64,13.1
2025-05-10,115.02289900000001,21.76,13.1
2025-05-11,118.607889,24.21,12.7
2025-05-12,165.29816200000002,23.1,12.9
2025-05-13,154.825099,26.65,14.2
2025-05-14,159.000192,23.18,14.4
2025-05-15,142.896062,21.09,14.3
2025-05-16,163.15814,27.07,16.3
2025-05-17,159.408567,27.81,18.2
2025-05-18,147.28804699999998,27.63,20.5
2025-05-19,162.068637,24.74,17.3
2025-05-20,176.252192,25.27,18.5
2025-05-21,193.317579,27.82,20.0
2025-05-22,171.184891,26.99,19.9
2025-05-23,178.27528099999998,29.55,17.3
2025-05-24,171.59785300000001,29.61,19.2
2025-05-25,157.241851,29.0,22.3
2025-05-26,206.840726,26.97,23.8
2025-05-27,212.696868,29.42,24.4
2025-05-28,205.654515,28.89,26.1
2025-05-29,204.965863,29.11,27.3
2025-05-30,196.34786,26.44,27.7
2025-05-31,179.186174,26.95,27.3
2025-06-01,151.258984,25.29,27.3
2025-06-02,176.095474,24.42,25.2
2025-06-03,158.11566399999998,21.77,21.2
2025-06-04,201.52730400000002,24.15,20.4
2025-06-05,213.792342,29.38,22.5
2025-06-06,228.599018,29.66,24.4
2025-06-07,195.125314,29.83,25.3
2025-06-08,172.162673,29.94,26.9
2025-06-09,196.761785,27.05,27.9
2025-06-10,166.697135,21.73,28.2
2025-06-11,170.128722,13.7,22.9
2025-06-12,222.59160500000002,29.29,21.6
2025-06-13,214.78269,29.28,24.4
2025-06-14,198.399308,29.36,26.7
2025-06-15,176.170114,28.54,28.8
2025-06-16,216.538094,28.29,28.5
2025-06-17,219.35201500000002,25.08,30.0
2025-06-18,222.269623,26.28,30.2
2025-06-19,190.20213099999998,24.53,29.8
2025-06-20,227.208121,26.91,29.8
2025-06-21,214.299608,25.26,30.7
2025-06-22,186.365478,27.62,29.2
2025-06-23,196.09773800000002,26.15,29.8
2025-06-24,181.963257,20.19,29.5
2025-06-25,228.063009,29.74,24.1
2025-06-26,239.71384799999998,30.3,25.7
2025-06-27,232.04532500000002,30.18,29.2
2025-06-28,227.34466899999998,29.45,31.4
2025-06-29,213.86244399999998,28.66,32.7
2025-06-30,202.026167,26.23,31.8
2025-07-01,204.55628,28.53,31.3
2025-07-02,190.73624600000002,28.15,31.0
2025-07-03,196.555969,26.34,30.0
2025-07-04,206.907671,29.03,29.2
2025-07-05,200.416676,25.86,29.1
2025-07-06,198.249161,27.35,28.5
2025-07-07,231.146266,29.03,28.5
2025-07-08,209.987804,28.02,26.1
2025-07-09,187.374516,27.82,29.9
2025-07-10,219.11989000000003,29.89,29.7
2025-07-11,205.467606,29.51,26.8
2025-07-12,175.91327299999998,25.35,23.5
2025-07-13,202.769867,29.35,25.9
2025-07-14,226.688481,29.6,28.6
2025-07-15,238.036552,29.46,30.3
2025-07-16,240.550576,29.27,31.0
2025-07-17,223.42052999999999,29.64,31.9
2025-07-18,213.318307,29.93,28.5
2025-07-19,189.617207,28.88,25.9
2025-07-20,169.300041,28.82,24.4
2025-07-21,232.533323,29.6,24.6
2025-07-22,223.059218,29.05,26.8
2025-07-23,164.000438,21.69,27.5
2025-07-24,171.282685,28.15,23.4
2025-07-25,192.582559,29.08,22.8
2025-07-26,203.3356,28.74,25.4
2025-07-27,184.741856,28.29,28.0
2025-07-28,200.952308,27.95,27.2
2025-07-29,183.14618,28.43,24.0
2025-07-30,201.026504,28.38,25.5
2025-07-31,209.34806,26.78,27.6
2025-08-01,195.612261,22.71,27.1
2025-08-02,196.022777,24.27,27.4
2025-08-03,177.16141,26.49,29.6
2025-08-04,215.698704,26.74,30.5
2025-08-05,198.837568,26.65,32.2
2025-08-06,202.32787,26.17,31.2
2025-08-07,229.160541,27.57,31.6
2025-08-08,210.34370199999998,25.73,31.8
2025-08-09,205.46995199999998,25.86,32.0
2025-08-10,184.99381,26.61,32.0
2025-08-11,217.42104999999998,25.88,32.2
2025-08-12,186.46113699999998,22.78,32.3
2025-08-13,180.237897,23.84,30.7
2025-08-14,193.93721299999999,24.69,30.5
2025-08-15,204.459244,25.54,32.1
2025-08-16,199.465777,25.76,33.0
2025-08-17,182.21471,25.03,32.9
2025-08-18,148.795017,19.3,31.1
2025-08-19,182.39140700000002,25.21,27.3
2025-08-20,176.971115,22.62,24.7
2025-08-21,197.700162,22.79,24.1
2025-08-22,194.24995800000002,24.06,24.9
2025-08-23,200.22602799999999,23.73,26.4
2025-08-24,167.429218,25.04,27.8
2025-08-25,167.65956599999998,18.11,28.4
2025-08-26,175.98434099999997,23.14,29.0
2025-08-27,175.346777,21.6,28.2
2025-08-28,173.369323,24.41,23.1
2025-08-29,167.667461,21.25,22.6
2025-08-30,189.81896,23.49,25.3
2025-08-31,142.516081,20.04,23.8
2025-09-01,183.243459,21.9,19.8
2025-09-02,179.413538,22.19,20.7
2025-09-03,187.585972,23.27,23.5
2025-09-04,197.859403,23.56,24.6
2025-09-05,182.244408,21.49,24.0
2025-09-06,150.02068400000002,22.51,25.8
2025-09-07,121.421428,11.06,24.3
2025-09-08,169.531089,18.26,23.2
2025-09-09,178.99842,22.29,21.7
2025-09-10,151.67273,14.17,21.4
2025-09-11,181.86797,21.77,22.9
2025-09-12,195.30757,20.1,24.4
2025-09-13,171.01613,19.76,24.6
2025-09-14,181.26450200000002,21.28,24.0
2025-09-15,206.43147,21.06,25.5
2025-09-16,200.865266,21.03,26.5
2025-09-17,199.83288399999998,20.78,26.9
2025-09-18,183.618299,20.19,27.5
2025-09-19,147.721114,18.77,27.5
2025-09-20,158.287127,18.73,25.6
2025-09-21,132.297168,20.17,21.6
2025-09-22,173.49962200000002,20.12,15.9
2025-09-23,165.661507,20.07,16.2
2025-09-24,168.526005,19.33,15.4
2025-09-25,182.813668,19.2,16.6
2025-09-26,189.46227,19.84,18.4
2025-09-27,143.738863,16.68,19.8
2025-09-28,93.243599,5.68,17.9
2025-09-29,114.695548,16.34,19.3
2025-09-30,150.40788899999998,12.09,19.0
2025-10-01,180.509883,17.26,20.8
2025-10-02,181.429407,18.44,21.4
2025-10-03,165.035109,16.61,21.4
2025-10-04,159.948334,17.86,22.4
2025-10-05,128.213133,17.74,20.7
2025-10-06,145.189867,17.43,18.0
2025-10-07,170.421106,16.94,21.2
2025-10-08,147.889275,16.02,21.7
2025-10-09,137.135745,15.6,20.6
2025-10-10,134.75317900000002,11.57,17.9
2025-10-11,143.457346,11.92,18.7
2025-10-12,126.351459,11.66,18.6
2025-10-13,123.777045,14.59,17.9
2025-10-14,153.57060099999998,15.49,17.7
2025-10-15,143.717439,15.15,18.8
2025-10-16,125.526936,12.71,18.5
2025-10-17,144.350476,13.72,17.8
2025-10-18,151.047193,15.43,17.5
2025-10-19,109.775127,12.54,17.7
2025-10-20,107.798057,12.48,18.2
2025-10-21,88.258083,10.14,17.3
2025-10-22,102.144515,11.55,17.9
2025-10-23,123.239762,12.78,19.0
2025-10-24,124.301037,9.1,17.7
2025-10-25,109.141388,8.86,17.6
2025-10-26,101.37405100000001,12.76,14.5
2025-10-27,153.137837,14.31,11.1
2025-10-28,123.816997,13.46,12.1
2025-10-29,58.441739999999996,3.99,12.5
2025-10-30,93.641521,6.1,13.5
2025-10-31,86.36860899999999,3.57,13.0
2025-11-01,95.119627,6.34,14.4
2025-11-02,116.15359699999999,12.41,14.0
2025-11-03,151.398463,12.82,11.2
2025-11-04,123.464033,11.8,11.3
2025-11-05,63.723739,6.36,13.5
2025-11-06,95.460159,9.05,10.2
2025-11-07,77.684602,3.15,9.5
2025-11-08,112.780141,11.03,10.8
2025-11-09,130.798381,11.62,8.0
2025-11-10,126.181018,11.38,8.6
2025-11-11,126.328439,9.53,10.5
2025-11-12,110.331602,11.34,12.8
2025-11-13,33.821002,1.82,12.7
2025-11-14,61.717408000000006,9.05,12.3
2025-11-15,39.634871,2.72,10.8
2025-11-16,80.871439,7.66,10.8
2025-11-17,89.97832000000001,8.29,9.8
2025-11-18,132.40956500000001,10.88,8.8
2025-11-19,113.42713499999999,10.4,6.0
2025-11-20,129.764174,9.22,5.5
2025-11-21,128.707712,7.56,5.6
2025-11-22,130.21590799999998,10.23,3.5
2025-11-23,105.015705,8.41,6.9
2025-11-24,43.36888,2.98,9.8
2025-11-25,119.37853299999999,9.15,8.5
2025-11-26,131.86413000000002,9.63,5.6
2025-11-27,138.946068,9.84,5.2
2025-11-28,137.979672,9.69,6.2
2025-11-29,104.925737,8.15,5.5
2025-11-30,68.699539,8.42,7.4
2025-12-01,117.37254700000001,9.49,5.3
2025-12-02,68.672785,6.68,5.6
2025-12-03,111.73402300000001,8.94,5.6
2025-12-04,42.049547,4.68,7.2
2025-12-05,54.819767,3.95,7.8
2025-12-06,60.88171,6.2,11.8
2025-12-07,76.79003599999999,6.11,10.9
2025-12-08,106.333602,4.36,8.1
2025-12-09,83.384838,6.27,7.4
2025-12-10,36.665735999999995,2.29,9.2
2025-12-11,83.075474,8.39,8.1
2025-12-12,38.248924,4.97,7.8
2025-12-13,80.980317,7.71,9.0
2025-12-14,81.02456699999999,7.59,7.4
2025-12-15,50.47712,3.98,7.9
2025-12-16,35.38769799999999,3.79,8.3
2025-12-17,82.444833,6.93,9.6
2025-12-18,89.586536,4.22,8.3
2025-12-19,35.850267,3.38,8.3
2025-12-20,65.71811199999999,4.13,7.5
2025-12-21,45.223048000000006,5.51,5.3
2025-12-22,73.35273299999999,7.16,2.2
2025-12-23,46.641661,6.05,3.6
2025-12-24,85.79796400000001,8.01,4.3
2025-12-25,78.607787,1.79,3.8
2025-12-26,90.739433,7.36,4.2
2025-12-27,72.126673,6.66,5.4
2025-12-28,60.5374,4.55,6.9
2025-12-29,100.03061699999999,7.73,6.9
2025-12-30,104.110354,8.85,5.0
2025-12-31,96.610633,9.08,3.4
2026-01-01,41.62081,5.0,1.1
2026-01-02,42.06342,4.59,5.9
2026-01-03,37.688370000000006,5.51,8.3
2026-01-04,43.667730000000006,6.83,8.0
2026-01-05,74.79588000000001,8.61,2.5
2026-01-06,114.49534,9.42,0.3
2026-01-07,92.203,6.4,1.7
2026-01-08,71.26929,3.62,2.8
2026-01-09,78.25295,8.77,7.9
2026-01-10,117.00374000000001,8.97,6.2
2026-01-11,119.45483999999999,9.36,3.9
2026-01-12,109.48836999999999,4.61,5.6
2026-01-13,59.19824,6.72,6.7
2026-01-14,80.34672,6.4,8.1
2026-01-15,72.05985000000001,3.83,4.9
2026-01-16,69.97036999999999,6.52,7.0
2026-01-17,71.26085,2.5,3.7
2026-01-18,109.67172000000001,6.87,4.2
2026-01-19,111.11664,8.36,3.9
2026-01-20,115.83544,10.59,3.9
2026-01-21,41.02601,2.06,4.8
2026-01-22,72.34011,7.05,5.9
2026-01-23,87.66429,6.61,5.0
2026-01-24,82.2054,7.26,3.3
2026-01-25,58.42926,6.46,6.3
2026-01-26,43.148019999999995,1.77,7.4
2026-01-27,58.383410000000005,6.49,8.5
2026-01-28,55.59735,6.31,4.5
2026-01-29,39.09867,2.46,9.3
2026-01-30,59.21329,5.59,8.0
2026-01-31,70.7701,11.33,7.2
2026-02-01,51.045370000000005,2.33,6.8
2026-02-02,55.12032,6.41,8.1
2026-02-03,74.06250999999999,6.6,5.5
2026-02-04,38.18919,4.66,6.0
2026-02-05,60.55614,8.28,9.5
2026-02-06,72.70958999999999,4.6,7.1
2026-02-07,45.87516,2.73,5.0
2026-02-08,63.20154,9.5,6.7
2026-02-09,59.159639999999996,7.98,8.6
2026-02-10,45.44429,3.97,12.7
2026-02-11,42.75048,3.78,12.4
2026-02-12,83.23154,11.47,9.9
2026-02-13,66.85034,7.52,8.7
2026-02-14,90.15625,10.73,6.6
2026-02-15,82.65492,13.39,7.2
2026-02-16,78.70043,9.99,9.7
2026-02-17,105.37481,13.77,11.6
2026-02-18,94.44731,9.52,9.1
2026-02-19,115.15212,14.27,7.6
2026-02-20,141.52202,15.43,6.9
2026-02-21,137.51033999999999,15.76,8.6
2026-02-22,128.08269,16.01,9.7
2026-02-23,153.00143,15.99,10.9
2026-02-24,140.30275,15.82,11.5
2026-02-25,130.22834,16.15,11.6
2026-02-26,140.68418,16.43,12.3
2026-02-27,144.17176999999998,16.57,11.6
2026-02-28,141.31815,16.49,11.4
2026-03-01,118.67062,11.25,9.8
2026-03-02,130.34941,16.02,9.9
2026-03-03,114.05297999999999,11.42,11.3
2026-03-04,87.4638,15.11,11.4
2026-03-05,101.06369000000001,15.07,11.3
2026-03-06,69.25411,5.46,9.3
2026-03-07,104.67389999999999,11.66,8.7
2026-03-08,126.5618,13.54,8.1
2026-03-09,104.91117999999999,7.46,7.2
2026-03-10,120.44738000000001,10.24,7.0
2026-03-11,177.58438,15.9,10.2
2026-03-12,183.44571,18.8,10.7
2026-03-13,179.84344000000002,18.56,11.2
2026-03-14,91.38848,6.38,10.5
2026-03-15,115.38208,18.04,9.7
2026-03-16,176.30716,20.29,10.4
2026-03-17,173.0573,20.27,12.7
2026-03-18,160.10214000000002,14.44,12.2
2026-03-19,142.72813,20.09,12.0
2026-03-20,98.96625999999999,9.67,9.8
2026-03-21,122.18786,9.9,9.1
2026-03-22,141.48223000000002,19.94,10.7
2026-03-23,174.86282,21.25,11.4
2026-03-24,194.39153,21.45,11.7
2026-03-25,170.26683,21.5,14.1
2026-03-26,160.47501,20.48,11.0
2026-03-27,164.40522,22.16,11.1
2026-03-28,132.93098,21.59,11.1
2026-03-29,111.36449,19.77,8.4
2026-03-30,176.6541,21.93,10.1
2026-03-31,168.07752,22.42,13.9
2026-04-01,168.90419,22.63,13.4
2026-04-02,147.70049,21.28,12.2
2026-04-03,154.79563000000002,23.02,13.2
2026-04-04,158.26778,23.12,16.7
2026-04-05,144.44226,23.35,18.8
2026-04-06,136.23179000000002,23.85,19.4
2026-04-07,128.5034,15.89,16.6
2026-04-08,152.2301,16.44,13.5
2026-04-09,184.84177,21.24,16.2
2026-04-10,196.31464000000003,23.41,20.2
2026-04-11,114.82229,18.1,18.9
2026-04-12,116.72552999999999,15.67,12.6
2026-04-13,167.51313000000002,18.51,10.0
2026-04-14,185.97573,21.76,14.2
2026-04-15,208.39069,24.81,16.8
2026-04-16,219.5794,25.46,18.4
2026-04-17,221.33583,24.56,19.5
2026-04-18,181.36813,23.84,21.1
2026-04-19,166.35013,24.78,21.4
2026-04-20,202.55922,24.47,20.9
2026-04-21,147.33870000000002,20.81,20.1
2026-04-22,192.62962,25.95,19.4
2026-04-23,170.21276999999998,23.63,20.1
2026-04-24,168.96729000000002,18.61,17.8
2026-04-25,156.63291,21.39,18.2
2026-04-26,149.21501999999998,24.6,19.9
2026-04-27,194.35719,26.65,20.8
2026-04-28,171.56307,26.17,19.7
2026-04-29,139.15859,15.81,16.1
2026-04-30,208.32242000000002,20.76,15.6
2026-05-01,156.55948999999998,26.56,17.4
2026-05-02,125.69081,11.46,15.5
2026-05-03,147.62901000000002,18.6,15.1
2026-05-04,172.37719,24.65,14.5
2026-05-05,206.3511,25.69,14.1
2026-05-06,227.96908,24.38,14.2
2026-05-07,186.61135000000002,19.7,13.9
2026-05-08,183.08509,17.5,13.1
2026-05-09,128.14409,15.35,13.2
2026-05-10,140.04144,16.02,12.0
2026-05-11,209.91966,21.52,13.1
2026-05-12,194.10052,24.78,13.1
2026-05-13,205.39727,25.21,14.5
2026-05-14,207.70546,28.18,15.7
2026-05-15,171.45699,22.85,13.1
2026-05-16,213.01082,29.76,13.1
2026-05-17,184.29384,26.0,15.8
2026-05-18,202.60297,28.18,17.5
2026-05-19,211.53873000000002,29.15,20.0
2026-05-20,233.01209,29.7,22.6
2026-05-21,224.41816,29.95,24.7
2026-05-22,222.78894,29.6,25.5
2026-05-23,200.92163,30.5,25.5
2026-05-24,172.48143,29.51,25.6
2026-05-25,216.68404,29.66,25.2
2026-05-26,249.60695,30.29,25.1
2026-05-27,244.52892,29.28,26.9
2026-05-28,260.42121,30.6,27.5
2026-05-29,269.39181,30.46,28.5
2026-05-30,238.48093,29.17,29.0
2026-05-31,222.14339999999999,28.46,28.3
2026-06-01,257.79302,29.55,27.8
2026-06-02,230.22617000000002,28.91,26.4
2026-06-03,248.86475,28.92,24.3
2026-06-04,215.69901000000002,29.02,24.0
2026-06-05,224.28927,27.26,21.7
2026-06-06,233.44492000000002,28.54,23.6
2026-06-07,190.50053,29.28,26.0
2026-06-08,248.32379999999998,30.55,26.9
2026-06-09,233.24753,30.3,25.7
2026-06-10,216.96051,30.65,24.1
2026-06-11,224.43312,30.36,24.4
2026-06-12,244.44298999999998,30.52,26.4
2026-06-13,219.24946,30.3,27.1
2026-06-14,199.71695000000003,25.79,25.9
2026-06-15,250.89148,28.55,23.2
2026-06-16,254.34860999999998,28.54,26.2
2026-06-17,251.99797,30.63,28.6
2026-06-18,259.77862,30.32,28.7
2026-06-19,258.83163,28.04,29.1
2026-06-20,233.84154999999998,25.23,27.9
2026-06-21,230.52115,29.96,31.0
2026-06-22,242.85259,27.85,32.0
2026-06-23,250.72987,30.95,32.5
2026-06-24,244.69665,30.1,32.1
2026-06-25,238.56948,27.1,27.9
2026-06-26,270.22634000000005,30.4,26.9
2026-06-27,250.95284,30.35,29.0
2026-06-28,209.41111999999998,26.57,28.2
2026-06-29,247.35435,29.62,26.2
2026-06-30,261.04268,28.85,29.8
2026-07-01,236.75534,29.56,30.0
2026-07-02,227.98411,31.13,26.3
2026-07-03,253.27549,30.7,28.4
2026-07-04,240.96477,30.22,30.8
2026-07-05,255.3064,29.61,31.2
2026-07-06,271.06465000000003,28.61,32.0
2026-07-07,248.39834,24.82,31.1
2026-07-08,280.23309,29.94,29.6
2026-07-09,277.63703000000004,30.37,31.1
2026-07-10,260.06968,27.98,29.9
2026-07-11,251.88988,29.83,29.8
2026-07-12,209.58827,27.62,27.5
2026-07-13,255.44004999999999,30.16,27.0
2026-07-14,255.0759,29.9,29.2
2026-07-15,220.10581,29.7,29.6
2026-07-16,232.74667000000002,29.58,29.3
2026-07-17,252.09773,30.16,28.0
2026-07-18,249.32956,28.33,29.0
2026-07-19,245.65776,29.11,29.2
2026-07-20,266.10531,29.84,29.2
2026-07-21,257.82767,29.42,30.1
2026-07-22,249.20424,28.08,31.8
2026-07-23,251.27486,29.29,31.1
2026-07-24,251.28667000000002,29.54,27.9
2026-07-25,201.4004,26.61,23.8
2026-07-26,197.75519,29.04,24.0
2026-07-27,263.88837,28.9,27.2
2026-07-28,263.23811,28.78,30.2
2026-07-29,269.76315,28.57,31.7
2026-07-30,268.28641,28.38,31.9
2026-07-31,266.39441,28.7,31.4
2026-08-01,267.4544,28.3,31.1
2026-08-02,248.20959,28.63,30.2
2026-08-03,220.6707,22.84,27.7
2026-08-04,264.52159,27.83,27.7
2026-08-05,287.15849,27.23,29.3
2026-08-06,277.61494,27.1,31.0
2026-08-07,278.28929999999997,27.76,31.4
2026-08-08,243.05948999999998,26.61,31.7
2026-08-09,249.19610999999998,26.32,30.2
2026-08-10,256.92216,27.48,29.8
2026-08-11,280.45549,27.41,29.4
2026-08-12,273.11996999999997,26.99,30.8
2026-08-13,270.66181,26.65,32.0
2026-08-14,240.53076000000001,24.3,30.1
2026-08-15,191.90678,19.3,26.5
2026-08-16,232.41514,25.5,26.0
2026-08-17,263.52578000000005,25.3,29.4
2026-08-18,274.32632,25.19,31.1
2026-08-19,261.17006,25.55,30.4
2026-08-20,204.99435999999997,23.34,26.7
2026-08-21,240.74559,24.13,25.6
2026-08-22,201.84679,22.67,26.3
2026-08-23,191.50513,23.27,26.9
2026-08-24,186.70504,21.6,24.1
2026-08-25,231.72295000000003,22.66,22.7
2026-08-26,190.09991,22.47,23.8
2026-08-27,177.50964000000002,13.37,18.7
2026-08-28,209.8395,24.76,18.9
2026-08-29,205.18698,24.68,22.4
2026-08-30,197.99913,24.56,25.2
2026-08-31,244.0721,24.3,26.4
2026-09-01,229.58223999999998,24.02,27.3
2026-09-02,247.89920999999998,24.02,27.9
2026-09-03,271.33797,24.15,29.6
2026-09-04,242.10437,22.93,30.7
2026-09-05,181.10861,15.54,30.4
2026-09-06,203.75782,21.84,30.6
2026-09-07,246.25152,22.45,30.1
2026-09-08,229.36114999999998,21.91,29.2
2026-09-09,215.61932000000002,20.85,22.9
2026-09-10,239.73298,22.03,19.2
2026-09-11,225.05967,22.8,23.0
2026-09-12,209.68409,22.35,24.6
2026-09-13,216.85775,21.96,25.6
2026-09-14,246.17995000000002,21.94,26.6
2026-09-15,251.21245000000002,21.82,27.8
2026-09-16,189.03244,16.94,23.6
2026-09-17,203.12487,18.1,20.2
2026-09-18,218.85895000000002,20.51,21.3
2026-09-19,206.06735999999998,20.82,22.5
2026-09-20,193.01191,20.66,23.6
2026-09-21,230.21342,20.69,24.9
2026-09-22,228.56875,21.04,25.8
2026-09-23,235.03659,20.26,25.8
2026-09-24,225.93672,19.97,26.0
2026-09-25,233.81136999999998,19.93,26.9
2026-09-26,206.73781,17.59,25.6
2026-09-27,156.46775,14.71,24.9
